{
  "key": "group_xaio_evidence_fields",
  "title": "Evidence Fields",
  "fields": [
    {
      "key": "field_xaio_evidence_source_entity",
      "label": "Source Entity",
      "name": "source_entity",
      "type": "post_object",
      "instructions": "",
      "required": 1,
      "conditional_logic": 0,
      "wrapper": {
        "width": "",
        "class": "",
        "id": ""
      },
      "post_type": [
        "source"
      ],
      "taxonomy": "",
      "allow_null": 0,
      "multiple": 0,
      "return_format": "object",
      "ui": 1
    },
    {
      "key": "field_xaio_evidence_original_url",
      "label": "Original URL",
      "name": "original_url",
      "type": "url",
      "instructions": "",
      "required": 1,
      "conditional_logic": 0,
      "wrapper": {
        "width": "",
        "class": "",
        "id": ""
      },
      "default_value": "",
      "placeholder": ""
    },
    {
      "key": "field_xaio_evidence_title",
      "label": "Title (Verbatim or Neutralized)",
      "name": "title_verb_or_neutral",
      "type": "text",
      "instructions": "",
      "required": 0,
      "conditional_logic": 0,
      "wrapper": {
        "width": "",
        "class": "",
        "id": ""
      },
      "default_value": "",
      "placeholder": "",
      "prepend": "",
      "append": "",
      "maxlength": ""
    },
    {
      "key": "field_xaio_evidence_published_at",
      "label": "Published At",
      "name": "published_at",
      "type": "date_time_picker",
      "instructions": "",
      "required": 0,
      "conditional_logic": 0,
      "wrapper": {
        "width": "",
        "class": "",
        "id": ""
      },
      "display_format": "Y-m-d H:i:s",
      "return_format": "Y-m-d H:i:s",
      "first_day": 1
    },
    {
      "key": "field_xaio_evidence_collected_at",
      "label": "Collected At",
      "name": "collected_at",
      "type": "date_time_picker",
      "instructions": "",
      "required": 0,
      "conditional_logic": 0,
      "wrapper": {
        "width": "",
        "class": "",
        "id": ""
      },
      "display_format": "Y-m-d H:i:s",
      "return_format": "Y-m-d H:i:s",
      "first_day": 1
    },
    {
      "key": "field_xaio_evidence_archive_url",
      "label": "Archive URL",
      "name": "archive_url",
      "type": "url",
      "instructions": "",
      "required": 0,
      "conditional_logic": 0,
      "wrapper": {
        "width": "",
        "class": "",
        "id": ""
      },
      "default_value": "",
      "placeholder": ""
    },
    {
      "key": "field_xaio_evidence_media_hash",
      "label": "Media Hash",
      "name": "media_hash",
      "type": "text",
      "instructions": "sha256 of file or of key frames.",
      "required": 0,
      "conditional_logic": 0,
      "wrapper": {
        "width": "",
        "class": "",
        "id": ""
      },
      "default_value": "",
      "placeholder": "",
      "prepend": "",
      "append": "",
      "maxlength": ""
    },
    {
      "key": "field_xaio_evidence_independence_key",
      "label": "Independence Key",
      "name": "independence_key",
      "type": "text",
      "instructions": "Owner/affiliate cluster tag.",
      "required": 0,
      "conditional_logic": 0,
      "wrapper": {
        "width": "",
        "class": "",
        "id": ""
      },
      "default_value": "",
      "placeholder": "",
      "prepend": "",
      "append": "",
      "maxlength": ""
    },
    {
      "key": "field_xaio_evidence_excerpts_plain",
      "label": "Excerpts (Plain)",
      "name": "excerpts_plain",
      "type": "textarea",
      "instructions": "One excerpt per line; include locator (para 3) or (00:12).",
      "required": 0,
      "conditional_logic": 0,
      "wrapper": {
        "width": "",
        "class": "",
        "id": ""
      },
      "default_value": "",
      "placeholder": "",
      "maxlength": "",
      "rows": "",
      "new_lines": ""
    },
    {
      "key": "field_xaio_evidence_notes",
      "label": "Notes",
      "name": "notes",
      "type": "textarea",
      "instructions": "",
      "required": 0,
      "conditional_logic": 0,
      "wrapper": {
        "width": "",
        "class": "",
        "id": ""
      },
      "default_value": "",
      "placeholder": "",
      "maxlength": "",
      "rows": "",
      "new_lines": ""
    },
    {
      "key": "field_xaio_evidence_is_correction",
      "label": "Is Correction",
      "name": "is_correction",
      "type": "true_false",
      "instructions": "",
      "required": 0,
      "conditional_logic": 0,
      "wrapper": {
        "width": "",
        "class": "",
        "id": ""
      },
      "message": "",
      "default_value": 0,
      "ui": 1,
      "ui_on_text": "",
      "ui_off_text": ""
    }
  ],
  "location": [
    [
      {
        "param": "post_type",
        "operator": "==",
        "value": "evidence"
      }
    ]
  ],
  "menu_order": 0,
  "position": "normal",
  "style": "default",
  "label_placement": "top",
  "instruction_placement": "label",
  "hide_on_screen": "",
  "active": true,
  "description": "",
  "show_in_rest": 0,
  "modified": 1757366767
}