{
  "key": "group_xaio_source_fields",
  "title": "Source Fields",
  "fields": [
    {
      "key": "field_xaio_source_display_name",
      "label": "Display Name",
      "name": "display_name",
      "type": "text",
      "instructions": "",
      "required": 1,
      "conditional_logic": 0,
      "wrapper": {
        "width": "",
        "class": "",
        "id": ""
      },
      "default_value": "",
      "placeholder": "",
      "prepend": "",
      "append": "",
      "maxlength": ""
    },
    {
      "key": "field_xaio_source_owner_org",
      "label": "Owner Organization",
      "name": "owner_organization",
      "type": "post_object",
      "instructions": "",
      "required": 0,
      "conditional_logic": 0,
      "wrapper": {
        "width": "",
        "class": "",
        "id": ""
      },
      "post_type": [
        "organization"
      ],
      "taxonomy": "",
      "allow_null": 1,
      "multiple": 0,
      "return_format": "object",
      "ui": 1
    },
    {
      "key": "field_xaio_source_official_handles_plain",
      "label": "Official Handles (Plain)",
      "name": "official_handles_plain",
      "type": "textarea",
      "instructions": "One URL per line (site, X, YouTube, Telegram).",
      "required": 0,
      "conditional_logic": 0,
      "wrapper": {
        "width": "",
        "class": "",
        "id": ""
      },
      "default_value": "",
      "placeholder": "",
      "maxlength": "",
      "rows": "",
      "new_lines": ""
    },
    {
      "key": "field_xaio_source_disclosures",
      "label": "Disclosures",
      "name": "disclosures",
      "type": "textarea",
      "instructions": "",
      "required": 0,
      "conditional_logic": 0,
      "wrapper": {
        "width": "",
        "class": "",
        "id": ""
      },
      "default_value": "",
      "placeholder": "",
      "maxlength": "",
      "rows": "",
      "new_lines": ""
    }
  ],
  "location": [
    [
      {
        "param": "post_type",
        "operator": "==",
        "value": "source"
      }
    ]
  ],
  "menu_order": 0,
  "position": "normal",
  "style": "default",
  "label_placement": "top",
  "instruction_placement": "label",
  "hide_on_screen": "",
  "active": true,
  "description": "",
  "show_in_rest": 0,
  "modified": 1757366767
}