{
  "key": "group_xaio_report_fields",
  "title": "Report Fields",
  "fields": [
    {
      "key": "field_xaio_report_exec_summary",
      "label": "Executive Summary",
      "name": "executive_summary",
      "type": "textarea",
      "instructions": "Short factual bullets only.",
      "required": 0,
      "conditional_logic": 0,
      "wrapper": {
        "width": "",
        "class": "",
        "id": ""
      },
      "default_value": "",
      "placeholder": "",
      "maxlength": "",
      "rows": "",
      "new_lines": ""
    },
    {
      "key": "field_xaio_report_facts_included",
      "label": "Facts Included",
      "name": "facts_included",
      "type": "relationship",
      "instructions": "",
      "required": 0,
      "conditional_logic": 0,
      "wrapper": {
        "width": "",
        "class": "",
        "id": ""
      },
      "post_type": [
        "fact"
      ],
      "taxonomy": [],
      "filters": [
        "search"
      ],
      "elements": "",
      "min": "",
      "max": "",
      "return_format": "object"
    },
    {
      "key": "field_xaio_report_analysis",
      "label": "Analysis (Context)",
      "name": "analysis_context",
      "type": "textarea",
      "instructions": "Interpretation only; no new claims.",
      "required": 0,
      "conditional_logic": 0,
      "wrapper": {
        "width": "",
        "class": "",
        "id": ""
      },
      "default_value": "",
      "placeholder": "",
      "maxlength": "",
      "rows": "",
      "new_lines": ""
    },
    {
      "key": "field_xaio_report_validator_signature",
      "label": "Validator Signature",
      "name": "validator_signature",
      "type": "text",
      "instructions": "",
      "required": 0,
      "conditional_logic": 0,
      "wrapper": {
        "width": "",
        "class": "",
        "id": ""
      },
      "default_value": "",
      "placeholder": "",
      "prepend": "",
      "append": "",
      "maxlength": ""
    },
    {
      "key": "field_xaio_report_last_validated_at",
      "label": "Last Validated At",
      "name": "last_validated_at",
      "type": "date_time_picker",
      "instructions": "",
      "required": 0,
      "conditional_logic": 0,
      "wrapper": {
        "width": "",
        "class": "",
        "id": ""
      },
      "display_format": "Y-m-d H:i:s",
      "return_format": "Y-m-d H:i:s",
      "first_day": 1
    },
    {
      "key": "field_xaio_report_correction_issued",
      "label": "Correction Issued",
      "name": "correction_issued",
      "type": "true_false",
      "instructions": "",
      "required": 0,
      "conditional_logic": 0,
      "wrapper": {
        "width": "",
        "class": "",
        "id": ""
      },
      "message": "",
      "default_value": 0,
      "ui": 1,
      "ui_on_text": "",
      "ui_off_text": ""
    },
    {
      "key": "field_xaio_report_correction_summary",
      "label": "Correction Summary",
      "name": "correction_summary",
      "type": "textarea",
      "instructions": "",
      "required": 0,
      "conditional_logic": [
        [
          {
            "field": "field_xaio_report_correction_issued",
            "operator": "==",
            "value": "1"
          }
        ]
      ],
      "wrapper": {
        "width": "",
        "class": "",
        "id": ""
      },
      "default_value": "",
      "placeholder": "",
      "maxlength": "",
      "rows": "",
      "new_lines": ""
    }
  ],
  "location": [
    [
      {
        "param": "post_type",
        "operator": "==",
        "value": "report"
      }
    ]
  ],
  "menu_order": 0,
  "position": "normal",
  "style": "default",
  "label_placement": "top",
  "instruction_placement": "label",
  "hide_on_screen": "",
  "active": true,
  "description": "",
  "show_in_rest": 0,
  "modified": 1757366767
}